{
  "validation": {
    "loss": 0.20659007626096332,
    "accuracy": 0.8046889192293383,
    "precision": 0.8217375859252628,
    "recall": 0.8073037307750601,
    "f1": 0.8144567139393104
  },
  "test": {
    "loss": 0.21659007626096333,
    "accuracy": 0.8076587659616702,
    "precision": 0.8202513428001424,
    "recall": 0.8202256761469557,
    "f1": 0.8202385092727608
  }
}