{
  "train_losses": [
    0.08623560676909983,
    0.02856510450085625,
    0.018236889782361685,
    0.012771470489911734,
    0.01334569200943224,
    0.01209654213511385,
    0.014110953793860972,
    0.009707300828187727,
    0.008217738455045037,
    0.006783783295191825,
    0.006705306894262322,
    0.007232306728605181,
    0.005635858915513382,
    0.0036402773585869,
    0.0062835249959025535,
    0.005036226964788512,
    0.005483723990269937,
    0.007507050862535834,
    0.004283932573511265,
    0.006319645180483348
  ],
  "val_accuracies": [
    1.0,
    0.9990000128746033,
    1.0,
    1.0,
    1.0,
    1.0,
    0.9990000128746033,
    1.0,
    0.9990000128746033,
    1.0,
    1.0,
    0.9990000128746033,
    1.0,
    1.0,
    0.9990000128746033,
    1.0,
    1.0,
    1.0,
    0.9990000128746033,
    0.9990000128746033
  ],
  "test_accuracies": [
    0.9993333220481873,
    0.9993333220481873,
    0.9990000128746033,
    0.9993333220481873,
    0.9993333220481873,
    0.9993333220481873,
    0.9990000128746033,
    0.9993333220481873,
    0.9993333220481873,
    0.9993333220481873,
    0.9993333220481873,
    0.9986666440963745,
    0.999666690826416,
    0.9993333220481873,
    0.9993333220481873,
    0.9993333220481873,
    0.999666690826416,
    0.9993333220481873,
    0.9993333220481873,
    0.9990000128746033
  ],
  "final_results": {
    "test_accuracy": 0.999,
    "precision": 1.0,
    "recall": 0.9833333333333333,
    "f1_score": 0.9915966386554622
  },
  "training_info": {
    "epochs": 20,
    "batch_size": 32,
    "samples_used": 20000,
    "features": 52,
    "model_parameters": 16225,
    "device": "cpu"
  }
}