{
  "training_metrics": {
    "epoch": [
      1,
      2,
      3,
      4,
      5,
      6,
      7,
      8,
      9,
      10,
      11,
      12,
      13,
      14,
      15,
      16,
      17,
      18,
      19,
      20,
      21,
      22,
      23,
      24,
      25,
      26,
      27,
      28,
      29,
      30
    ],
    "train_loss": [
      0.9706422594852825,
      0.8380529346582941,
      0.7505819223837872,
      0.6792722332221869,
      0.567683485246548,
      0.5018869206016155,
      0.4815220054213032,
      0.4165429064952602,
      0.3498507729271925,
      0.33398136102014914,
      0.2827815547645049,
      0.2559842931501814,
      0.2471133170178343,
      0.18419082335982595,
      0.17090086791160367,
      0.17947220270459308,
      0.1578250435944647,
      0.17349045939165528,
      0.13968383936441425,
      0.12154099434115813,
      0.17216510224547127,
      0.1323676413915093,
      0.13309620047182644,
      0.09882875872302344,
      0.11263009136550546,
      0.12246036324000172,
      0.09440250309104747,
      0.12250953718739115,
      0.10089403878210378,
      0.10527512154237678
    ],
    "train_acc": [
      0.5,
      0.5,
      0.5,
      0.5,
      0.5,
      0.5116754796840927,
      0.5177578933628935,
      0.5934924224836601,
      0.6537655873232838,
      0.6595674414337995,
      0.7208324012905792,
      0.7593960725144783,
      0.7525284225910661,
      0.8314556131983141,
      0.8029016810474989,
      0.8287468223391592,
      0.843045427087917,
      0.8235194671036861,
      0.8612337684009408,
      0.8585833165128329,
      0.8256381788761535,
      0.8712034843236081,
      0.8816827399755887,
      0.8959885390942401,
      0.8792849726055626,
      0.8725220663241529,
      0.9147515180859732,
      0.8807779739092058,
      0.8938083591802258,
      0.8998575527887567
    ],
    "val_loss": [
      1.0188692383502755,
      0.9921962066018215,
      0.847271409328893,
      0.7370520639374638,
      0.7234879834571221,
      0.600126946460841,
      0.5879764312792224,
      0.4741027822587187,
      0.4497499441779862,
      0.45710004898827583,
      0.43928929936571265,
      0.3920688071178209,
      0.35666662272911753,
      0.32734086517173133,
      0.27094322851056374,
      0.2750116358785089,
      0.2662095477496323,
      0.29703878782462995,
      0.2625927554025913,
      0.1878267486285305,
      0.24018212583137627,
      0.20980880114389658,
      0.19298410835046198,
      0.22448505149935977,
      0.23071705404274248,
      0.2220955719931788,
      0.1639873694023079,
      0.17545888766920212,
      0.190745313974858,
      0.20659007626096332
    ],
    "val_acc": [
      0.5,
      0.5,
      0.5,
      0.5,
      0.5,
      0.5,
      0.5,
      0.5298130468239797,
      0.5503267576716507,
      0.5393811440110969,
      0.5394801395035311,
      0.6016215130406988,
      0.6381926595229809,
      0.6606249757899444,
      0.7266374858144461,
      0.7310491269737093,
      0.7620832407685257,
      0.7055798793678477,
      0.7412705004582502,
      0.8110565626349769,
      0.731036305939138,
      0.7897934907243652,
      0.8079193447986535,
      0.8124635801879195,
      0.7663975314855407,
      0.7824276381418255,
      0.8354919540521134,
      0.8070109417665049,
      0.8263970282428672,
      0.8046889192293383
    ],
    "test_acc": [
      0.5,
      0.5,
      0.5,
      0.5,
      0.5,
      0.5,
      0.5,
      0.524150069527952,
      0.5513232713225271,
      0.5343463874699349,
      0.5239735051928698,
      0.6023071427887591,
      0.6275696223857198,
      0.6653609000962962,
      0.7174432434721081,
      0.7465484710238847,
      0.7542507078451633,
      0.702359264205791,
      0.7494056726319469,
      0.7987479194706374,
      0.7333109052851793,
      0.8028649182671895,
      0.7918445124530412,
      0.8143099187732425,
      0.7689963594280249,
      0.7902458668595986,
      0.8231224469433326,
      0.7938063756356621,
      0.8316164438990362,
      0.8076587659616702
    ],
    "learning_rate": [
      0.001,
      0.001,
      0.001,
      0.001,
      0.001,
      0.001,
      0.001,
      0.001,
      0.001,
      0.0005,
      0.0005,
      0.0005,
      0.0005,
      0.0005,
      0.0005,
      0.0005,
      0.0005,
      0.0005,
      0.0005,
      0.00025,
      0.00025,
      0.00025,
      0.00025,
      0.00025,
      0.00025,
      0.00025,
      0.00025,
      0.00025,
      0.00025,
      0.000125
    ]
  },
  "detailed_metrics": {
    "train": {
      "precision": [
        0.5050098570069176,
        0.5069289641899395,
        0.4863995055684302,
        0.5046450739432201,
        0.5058614494659737,
        0.4973884513235653,
        0.5550733835857886,
        0.6029690809018958,
        0.6299395173792308,
        0.6726985136064761,
        0.7013387678860328,
        0.7751377645893273,
        0.7757003341712142,
        0.8150419668312798,
        0.8221692036323853,
        0.8370024408778891,
        0.8594866302878068,
        0.8614553267567651,
        0.8563260060808834,
        0.8435085932256832,
        0.8078478902836431,
        0.8548872786242993,
        0.8801407057873065,
        0.902811578590573,
        0.884818788592163,
        0.8890657313048733,
        0.9150115559235313,
        0.909848655452352,
        0.8885152225154667,
        0.9542609361205491
      ],
      "recall": [
        0.5125133469553002,
        0.48285684887167435,
        0.47858215003877774,
        0.5096494483048637,
        0.495530744293483,
        0.5259554895659345,
        0.5272226458543644,
        0.5920358442305226,
        0.6368297129619157,
        0.6292704969400822,
        0.7119021022492388,
        0.7765240484009477,
        0.7568102974736702,
        0.8065408376240744,
        0.8063652995645225,
        0.836453169933736,
        0.8253682783638943,
        0.8265939692225966,
        0.8623979427698608,
        0.8357239105562204,
        0.8327939260831192,
        0.8824191748509728,
        0.9033437648390942,
        0.9170645801349382,
        0.8517315852464208,
        0.8537655655258504,
        0.9250522234301464,
        0.89105369292745,
        0.9041093129063468,
        0.9769121826018511
      ],
      "f1": [
        0.5087339356039755,
        0.4946001832323675,
        0.4824591634465036,
        0.507134915714399,
        0.5006428093316398,
        0.5112732405352185,
        0.540789673022849,
        0.5974524478501196,
        0.633365876637133,
        0.6502602205106238,
        0.7065809570015726,
        0.7758302872291382,
        0.7661388946116963,
        0.8107691186916162,
        0.8141905681191368,
        0.8367277152634245,
        0.8420820056073803,
        0.843664672054138,
        0.859351248905669,
        0.8395982075510144,
        0.8201312553609611,
        0.8684350714120975,
        0.8915912998948585,
        0.9098822656602545,
        0.8679599749214899,
        0.871058154920067,
        0.9200044952448877,
        0.900353098184661,
        0.8962444409992015,
        0.9654537180943601
      ]
    },